RT/RW,KAMPUNG,DESA,KECAMATAN,LUAS (Ha),KEWENANGAN,Bobot Kumuh
RT001-RW001,KP. PANGARADAN,ANYAR,ANYAR,0.712908367704,KAB/KOTA,25
RT002-RW001,KP. PANGARADAN,ANYAR,ANYAR,0.699054292106,KAB/KOTA,23
RT003-RW001,KP. PANGARADAN,ANYAR,ANYAR,1.8591627705,KAB/KOTA,20
RT001-RW002,KP. RANCA LEMBANG,BANDULU,ANYAR,1.63391721095,KAB/KOTA,24
RT001-RW001,KP. KADUKANCAS,BANJARSARI,ANYAR,2.72546094541,KAB/KOTA,24
RT003-RW001,KP. KADUKANCAS,BANJARSARI,ANYAR,1.53461474356,KAB/KOTA,24
RT001-RW002,KP. CIGONDANG,BUNIHARA,ANYAR,1.7916208053,KAB/KOTA,27
RT002-RW002,KP. CIGONDANG,BUNIHARA,ANYAR,2.57325380378,KAB/KOTA,26
RT001-RW002,KP. KAMURANG GUNUNG,GROGOL INDAH,ANYAR,1.77048334771,KAB/KOTA,16
RT004-RW002,KP. KAMURANG DESA,GROGOL INDAH,ANYAR,1.10621426599,KAB/KOTA,20
RT001-RW002,KP. BABAKAN,SINDANG MANDI,ANYAR,1.82531489873,KAB/KOTA,26
RT002-RW002,KP. BABAKAN,SINDANG MANDI,ANYAR,0.696199405497,KAB/KOTA,16
RT003-RW002,KP. BABAKAN,SINDANG MANDI,ANYAR,0.803406463077,KAB/KOTA,20
RT004-RW002,KP. BABAKAN,SINDANG MANDI,ANYAR,1.45640150497,KAB/KOTA,16
RT001-RW002,KP. PALUPUY,SINDANG KARYA,ANYAR,0.623792831273,KAB/KOTA,32
RT002-RW002,KP. PALUPUY,SINDANG KARYA,ANYAR,1.19957548984,KAB/KOTA,35
RT003-RW002,KP. PALUPUY,SINDANG KARYA,ANYAR,0.850189757871,KAB/KOTA,31
RT004-RW002,KP. PALUPUY,SINDANG KARYA,ANYAR,1.01128783647,KAB/KOTA,22
RT005-RW002,KP. PALUPUY,SINDANG KARYA,ANYAR,1.09099938665,KAB/KOTA,29
RT003-RW001,KP. RANCAGEDE,BABAKAN,BANDUNG,3.38500067845,KAB/KOTA,26
RT002-RW001,KP. BANDUNG,BANDUNG,BANDUNG,2.5156350861,KAB/KOTA,27
RT004-RW002,KP. SUKADAMAI,MALABAR,BANDUNG,2.77943159497,KAB/KOTA,31
RT005-RW002,KP. SUKADAMAI,MALABAR,BANDUNG,2.6849263956,KAB/KOTA,35
RT006-RW002,KP. SUKADAMAI,MALABAR,BANDUNG,2.14332772062,KAB/KOTA,34
RT013-RW003,KP. SEUNGIR,BAROS,BAROS,2.19949902588,KAB/KOTA,26
RT005-RW002,KP. CIHUNYUR,CISALAM,BAROS,2.86536184982,KAB/KOTA,28
RT016-RW005,KP. CIHUNYUR,CISALAM,BAROS,0.927212767608,KAB/KOTA,21
RT005-RW003,KP. CURUGAGUNG,CURUG AGUNG,BAROS,1.83809977878,KAB/KOTA,24
RT005-RW004,KP. BATULINGGA ,SIDAMUKTI,BAROS,1.62001998205,KAB/KOTA,25
RT007-RW004,KP. PARUMASAN,SIDAMUKTI,BAROS,3.43377700401,KAB/KOTA,26
RT003-RW001,KP. SIPURUT ,SINDANGMANDI,BAROS,0.923330152181,KAB/KOTA,26
RT015-RW003,KP. KALAHANG,SINDANGMANDI,BAROS,0.936220417559,KAB/KOTA,22
RT016-RW004,KP. KALAHANG,SINDANGMANDI,BAROS,1.41030304246,KAB/KOTA,25
RT001-RW001,KP. SUKACAI,SUKACAI,BAROS,1.25048727703,KAB/KOTA,33
RT002-RW001,KP. SUKACAI,SUKACAI,BAROS,1.655381002,KAB/KOTA,26
RT003-RW001,KP. SUKACAI,SUKACAI,BAROS,1.16764433012,KAB/KOTA,25
RT004-RW001,KP. SUKACAI,SUKACAI,BAROS,1.88147553503,KAB/KOTA,28
RT002-RW001,KP. KADU TIKUKUR,SUKAMENAK,BAROS,0.915668333988,KAB/KOTA,35
RT005-RW002,KP. KADU LADUR,SUKAMENAK,BAROS,1.22925411907,KAB/KOTA,26
RT008-RW003,KP. TEJAMARI,SUKAMENAK,BAROS,1.58228622417,KAB/KOTA,41
RT003-RW002,KP. LENGGOR ,TAMANSARI,BAROS,1.63725032488,KAB/KOTA,26
RT004-RW002,KP. LENGGOR ,TAMANSARI,BAROS,1.58019363177,KAB/KOTA,23
RT005-RW006,KP. CITAMAN,TAMANSARI,BAROS,1.18572966272,KAB/KOTA,29
RT002-RW001,KP. CIBONGOR,TEJAMARI,BAROS,2.92162392653,PUSAT,37
RT006-RW002,KP. SINDANGMANDI,TEJAMARI,BAROS,1.98861282066,PUSAT,37
RT007-RW003,KP. KADUBALAK,TEJAMARI,BAROS,1.88263804514,PUSAT,41
RT009-RW003,KP. GUNALONG ,TEJAMARI,BAROS,2.13389958099,PUSAT,26
RT010-RW004,KP. PADURUNG,TEJAMARI,BAROS,3.0266944924,PUSAT,34
RT012-RW005,KP. PASIR SIREUM,TEJAMARI,BAROS,1.54774392852,PUSAT,34
RT013-RW005,KP. PASIR SIREUM,TEJAMARI,BAROS,1.56428719617,PUSAT,32
RT016-RW004,KP. PADURUNG,TEJAMARI,BAROS,2.17184125715,PUSAT,32
RT005-RW004,KP. CIREME,BINUANG,BINUANG,3.37511203126,KAB/KOTA,31
RT006-RW004,KP. CIREME,BINUANG,BINUANG,1.39641648842,KAB/KOTA,29
RT007-RW004,KP. SAMPIRAN,BINUANG,BINUANG,4.19780059522,KAB/KOTA,27
RT001-RW001,KP. RENGED,RENGED,BINUANG,1.81256369385,KAB/KOTA,30
RT002-RW001,KP. RENGED,RENGED,BINUANG,1.10921370797,KAB/KOTA,30
RT003-RW001,KP. RENGED,RENGED,BINUANG,1.3499073382,KAB/KOTA,25
RT001-RW006,KP. GUNUNG SANTRI,BOJONEGARA,BOJONEGARA,1.90452438353,KAB/KOTA,18
RT002-RW006,KP. GUNUNG SANTRI,BOJONEGARA,BOJONEGARA,1.75411852171,KAB/KOTA,24
RT012-RW005,KP. KARANG DALAN,KARANG KEPUH,BOJONEGARA,1.75598296784,KAB/KOTA,27
RT013-RW005,KP. KARANG DALAN,KARANG KEPUH,BOJONEGARA,3.16291736102,KAB/KOTA,29
RT010-RW005,KP. SUMUR GADING,MARGAGIRI,BOJONEGARA,2.57167699957,KAB/KOTA,23
RT005-RW002,KP. KENTIR MERBO,PAKUNCEN,BOJONEGARA,0.932595670915,KAB/KOTA,30
RT001-RW001,KP. CIGUHA,CARENANG,CARENANG,1.97868708369,KAB/KOTA,25
RT002-RW001,KP. CIGUHA,CARENANG,CARENANG,1.53474162409,KAB/KOTA,28
RT003-RW001,KP. CIGUHA,CARENANG,CARENANG,2.1631976249,KAB/KOTA,26
RT009-RW001,KP. KEDUNG PICIS,CARENANG,CARENANG,1.41962559936,KAB/KOTA,26
RT001-RW001,KP. WATGALIH,MANDAYA,CARENANG,0.49679923904,PUSAT,26
RT002-RW001,KP. WATGALIH,MANDAYA,CARENANG,0.488938981236,PUSAT,27
RT003-RW001,KP. WATGALIH,MANDAYA,CARENANG,1.31455643934,PUSAT,26
RT004-RW001,KP. WATGALIH,MANDAYA,CARENANG,1.91481243057,PUSAT,26
RT005-RW002,KP.KARANGKOBONG,MANDAYA,CARENANG,1.23693483856,PUSAT,32
RT006-RW002,KP.KARANGKOBONG,MANDAYA,CARENANG,1.26920263229,PUSAT,27
RT007-RW002,KP. GARDU KISALAM,MANDAYA,CARENANG,1.05449060254,PUSAT,28
RT010-RW003,KP. MANDAYA,MANDAYA,CARENANG,2.21215569638,PUSAT,27
RT011-RW003,KP. MANDAYA,MANDAYA,CARENANG,3.33890903556,PUSAT,28
RT012-RW003,KP. MANDAYA,MANDAYA,CARENANG,2.263179403,PUSAT,28
RT013-RW003,KP. MANDAYA,MANDAYA,CARENANG,3.59045975816,PUSAT,28
RT021-RW002,KP. GARDU KISALAM,MANDAYA,CARENANG,0.755999951194,PUSAT,26
RT004-RW002,KP. CARENANG,MEKARSARI,CARENANG,1.69255205525,KAB/KOTA,32
RT004-RW001,KP.BAGBAGAN,RAGAS MASIGIT,CARENANG,0.453172178197,KAB/KOTA,56
RT006-RW002,KP. RAGAS ILIR,RAGAS MASIGIT,CARENANG,1.03043698575,KAB/KOTA,30
RT007-RW002,KP. RAGAS ILIR,RAGAS MASIGIT,CARENANG,0.84300907425,KAB/KOTA,46
RT008-RW002,KP. RAGAS TEGAL,RAGAS MASIGIT,CARENANG,0.988395199249,KAB/KOTA,37
RT010-RW002,KP. ASTANA RAGAS,RAGAS MASIGIT,CARENANG,0.865360977622,KAB/KOTA,29
RT018-RW002,KP. RAGAS ILIR,RAGAS MASIGIT,CARENANG,0.978761653846,KAB/KOTA,34
RT027-RW002,KP. RAGAS TEGAL,RAGAS MASIGIT,CARENANG,1.22340158601,KAB/KOTA,33
RT028-RW002,KP. RAGAS TEGAL,RAGAS MASIGIT,CARENANG,0.629277944983,KAB/KOTA,36
RT005-RW003,KP. BEBERAN,TERAS,CARENANG,1.77856159032,KAB/KOTA,31
RT006-RW003,KP. BEBERAN,TERAS,CARENANG,3.6625671308,KAB/KOTA,31
RT009-RW003,KP. KEDUNG SENTUL,WALIKUKUN,CARENANG,0.930901951699,KAB/KOTA,31
RT010-RW003,KP. KEDUNG SENTUL,WALIKUKUN,CARENANG,1.10936567523,KAB/KOTA,27
RT012-RW003,KP. KEDUNG SENTUL,WALIKUKUN,CARENANG,0.745248069416,KAB/KOTA,21
RT005-RW001,KP. KAMURANG,BAKUNG,CIKANDE,1.64148637912,PROVINSI,28
RT006-RW001,KP. KAMURANG,BAKUNG,CIKANDE,1.19334825782,PROVINSI,28
RT007-RW002,KP. KAMURANG,BAKUNG,CIKANDE,1.42962933324,PROVINSI,27
RT008-RW002,KP. KAMURANG,BAKUNG,CIKANDE,2.09405213371,PROVINSI,30
RT009-RW002,KP. KAMURANG,BAKUNG,CIKANDE,1.16178761511,PROVINSI,37
RT010-RW002,KP. KAMURANG,BAKUNG,CIKANDE,0.978970102824,PROVINSI,27
RT016-RW002,KP. KAMURANG,BAKUNG,CIKANDE,2.40502395727,PROVINSI,29
RT001-RW002,KP. BOJONG NEROS,CIKANDE,CIKANDE,1.55139990625,KAB/KOTA,22
RT002-RW002,KP. BARU,CIKANDE,CIKANDE,2.86951028313,KAB/KOTA,24
RT010-RW003,KP. BADAK KULON,GEMBOR UDIK,CIKANDE,1.09693327539,KAB/KOTA,26
RT011-RW004,KP. BADAK MASJID,GEMBOR UDIK,CIKANDE,2.33487943277,KAB/KOTA,28
RT012-RW004,KP. BADAK MASJID,GEMBOR UDIK,CIKANDE,2.45500556372,KAB/KOTA,22
RT013-RW004,KP. KARANG JETAK,GEMBOR UDIK,CIKANDE,1.49462267918,KAB/KOTA,27
RT015-RW004,KP. PASIR TANJUNG,JULANG,CIKANDE,1.34883849705,KAB/KOTA,24
RT016-RW004,KP. MASJID,JULANG,CIKANDE,1.90944922586,KAB/KOTA,22
RT020-RW004,KP. PASIR TANJUNG,JULANG,CIKANDE,1.90426707192,KAB/KOTA,25
RT021-RW004,KP. MASJID,JULANG,CIKANDE,1.40199187956,KAB/KOTA,22
RT002-RW003,KP.JAMBAGAN,KAMURANG,CIKANDE,2.82635516839,KAB/KOTA,30
RT003-RW002,KP.MALIAS WETAN,KAMURANG,CIKANDE,1.59269428481,KAB/KOTA,24
RT004-RW002,KP.MALIAS WETAN,KAMURANG,CIKANDE,2.44189808473,KAB/KOTA,32
RT002-RW003,KP. GEMPOL DAMPIT,KOPER,CIKANDE,4.36570857745,KAB/KOTA,31
RT003-RW003,KP. GEMPOL DAMPIT,KOPER,CIKANDE,2.09182874602,KAB/KOTA,31
RT004-RW004,KP. SEMA,KOPER,CIKANDE,3.18495607843,KAB/KOTA,36
RT002-RW002,KP. GEDONG BURUNG,SITUTERATE,CIKANDE,1.83974640682,KAB/KOTA,26
RT005-RW002,KP. GEDONG BURUNG,SITUTERATE,CIKANDE,1.05373967396,KAB/KOTA,20
RT006-RW002,KP. GEDONG BURUNG,SITUTERATE,CIKANDE,0.694789926755,KAB/KOTA,25
RT002-RW001,KP. SAGA MASJID,SUKATANI,CIKANDE,1.79991970156,KAB/KOTA,25
RT003-RW001,KP. SAGA MASJID,SUKATANI,CIKANDE,1.2618304638,KAB/KOTA,25
RT004-RW001,KP. SUKA RAME,SUKATANI,CIKANDE,2.78218810346,KAB/KOTA,21
RT005-RW001,KP. SUKA RAME,SUKATANI,CIKANDE,0.597196999945,KAB/KOTA,23
RT007-RW001,KP. SUKA RAME,SUKATANI,CIKANDE,1.06374334539,KAB/KOTA,22
RT008-RW002,KP. PENENJOAN,CIKEUSAL,CIKEUSAL,2.19478918222,KAB/KOTA,31
RT001-RW001,KP. PASIR MANGGU,DAHU,CIKEUSAL,3.39289983129,PROVINSI,23
RT002-RW001,KP. PASIR MANGGU,DAHU,CIKEUSAL,1.5435684261,PROVINSI,20
RT003-RW001,KP. PASIR MANGGU,DAHU,CIKEUSAL,1.89705170959,PROVINSI,20
RT004-RW002,KP. PASIR MANGGU,DAHU,CIKEUSAL,1.10798118407,PROVINSI,22
RT005-RW002,KP. PASIR MANGGU,DAHU,CIKEUSAL,1.8257100803,PROVINSI,30
RT006-RW002,KP. PASIR MANGGU,DAHU,CIKEUSAL,2.69605881527,PROVINSI,32
RT009-RW002,KP. JEGOG,MONGPOK,CIKEUSAL,1.65177182089,KAB/KOTA,22
RT001-RW002,KP. PASIR,SUKAMAJU,CIKEUSAL,2.51720486665,KAB/KOTA,30
RT002-RW002,KP. PASIR,SUKAMAJU,CIKEUSAL,2.37163773889,KAB/KOTA,23
RT003-RW002,KP. PASIR,SUKAMAJU,CIKEUSAL,1.70518507897,KAB/KOTA,26
RT005-RW002,KP. PASIR,SUKAMAJU,CIKEUSAL,1.51024099038,KAB/KOTA,28
RT006-RW002,KP. PASIR,SUKAMAJU,CIKEUSAL,0.753442344363,KAB/KOTA,22
RT003-RW005,KP. PABUARAN BARAT,SUKARATU,CIKEUSAL,2.41597408145,KAB/KOTA,26
RT011-RW005,KP. PABUARAN BARAT,SUKARATU,CIKEUSAL,5.49924991261,KAB/KOTA,23
RT001-RW003,KP. KADU PEUTEUY,BANTARWANGI,CINANGKA,1.14253367878,KAB/KOTA,26
RT003-RW003,KP. KADU BAWANG,BANTARWANGI,CINANGKA,1.29895392048,KAB/KOTA,33
RT001-RW001,KP. MENDONG,BAROS JAYA,CINANGKA,1.5066067659,KAB/KOTA,25
RT002-RW001,KP. MENDONG,BAROS JAYA,CINANGKA,2.49586830141,KAB/KOTA,21
RT003-RW001,KP. MENDONG,BAROS JAYA,CINANGKA,0.904882317853,KAB/KOTA,26
RT003-RW006,KP. BABAKAN,BULAKAN,CINANGKA,7.45154029483,KAB/KOTA,21
RT001-RW004,KP. BARU JALAN,CIKOLELET,CINANGKA,1.54724973292,KAB/KOTA,25
RT001-RW010,KP. BARU DALAM,CIKOLELET,CINANGKA,1.21523146975,KAB/KOTA,30
RT002-RW004,KP. BARU JALAN,CIKOLELET,CINANGKA,2.28637172828,KAB/KOTA,25
RT001-RW003,KP. KOPIBERA,CINANGKA,CINANGKA,1.80878158915,PUSAT,25
RT002-RW002,KP. KOPIBARU,CINANGKA,CINANGKA,3.33456687897,PUSAT,23
RT002-RW003,KP. KOPIBERA,CINANGKA,CINANGKA,1.21092287202,PUSAT,25
RT003-RW003,KP. KOPIBERA,CINANGKA,CINANGKA,2.48296933964,PUSAT,32
RT004-RW002,KP. KOPIBARU,CINANGKA,CINANGKA,1.68176306396,PUSAT,35
RT004-RW003,KP. KOPIBERA,CINANGKA,CINANGKA,2.36041400206,PUSAT,24
RT005-RW003,KP. KOPIBERA,CINANGKA,CINANGKA,4.90808189497,PUSAT,19
RT001-RW002,KP. KAMASAN,KAMASAN,CINANGKA,1.10819980733,PROVINSI,36
RT002-RW002,KP. KAMASAN,KAMASAN,CINANGKA,0.45278297099,PROVINSI,36
RT003-RW002,KP. KAMASAN,KAMASAN,CINANGKA,1.1778005519,PROVINSI,35
RT004-RW002,KP. KAMASAN,KAMASAN,CINANGKA,0.890999941551,PROVINSI,21
RT005-RW002,KP. KAMASAN,KAMASAN,CINANGKA,1.17759385998,PROVINSI,18
RT006-RW002,KP. KAMASAN,KAMASAN,CINANGKA,0.921507399734,PROVINSI,29
RT007-RW002,KP. KAMASAN,KAMASAN,CINANGKA,0.687272198575,PROVINSI,33
RT008-RW002,KP. KAMASAN,KAMASAN,CINANGKA,2.31583352869,PROVINSI,23
RT009-RW002,KP. KAMASAN,KAMASAN,CINANGKA,2.7321325871,PROVINSI,21
RT010-RW002,KP. KAMASAN,KAMASAN,CINANGKA,1.26441975922,PROVINSI,21
RT029-RW007,KP. CIPACUNG LANDEUH,KARANG SURAGA,CINANGKA,2.52393611687,KAB/KOTA,25
RT001-RW011,KP. SIDAYUN,KUBANG BAROS,CINANGKA,2.20090510981,KAB/KOTA,29
RT002-RW011,KP. KADU KALASI,KUBANG BAROS,CINANGKA,0.928955400203,KAB/KOTA,32
RT006-RW002,KP. CIBONGKOK,MEKARSARI,CINANGKA,2.10269898565,KAB/KOTA,24
RT008-RW004,KP. LEUWI URUG,PASAURAN,CINANGKA,2.10214110681,KAB/KOTA,23
RT009-RW004,KP. LEUWI URUG,PASAURAN,CINANGKA,1.49310667204,KAB/KOTA,32
RT001-RW004,KP. KAJAROAN,RANCASANGGAL,CINANGKA,1.60448565317,KAB/KOTA,29
RT002-RW004,KP. KAJAROAN,RANCASANGGAL,CINANGKA,1.01932533359,KAB/KOTA,26
RT003-RW004,KP. KAJAROAN,RANCASANGGAL,CINANGKA,1.6462799267,KAB/KOTA,40
RT004-RW003,KP. PABUARAN,RANCASANGGAL,CINANGKA,1.54678300014,KAB/KOTA,29
RT005-RW003,KP. PABUARAN,RANCASANGGAL,CINANGKA,0.962324571199,KAB/KOTA,31
RT005-RW002,KP. KADU BAJO,SINDANGLAYA,CINANGKA,4.43585771929,KAB/KOTA,18
RT001-RW001,KP. PASAURAN,UMBUL TANJUNG,CINANGKA,1.61357713647,KAB/KOTA,23
RT002-RW001,KP. PASAURAN,UMBUL TANJUNG,CINANGKA,1.19689323504,KAB/KOTA,25
RT003-RW001,KP. PASAURAN,UMBUL TANJUNG,CINANGKA,0.976144678352,KAB/KOTA,25
RT004-RW002,KP. PASAURAN,UMBUL TANJUNG,CINANGKA,1.29117584671,KAB/KOTA,20
RT005-RW002,KP. PASAURAN,UMBUL TANJUNG,CINANGKA,0.646762681369,KAB/KOTA,25
RT006-RW002,KP. PASAURAN,UMBUL TANJUNG,CINANGKA,0.832237036923,KAB/KOTA,25
RT007-RW003,KP. PASAURAN,UMBUL TANJUNG,CINANGKA,1.26643067249,KAB/KOTA,22
RT004-RW002,KP. SOBONG,SUKABARES,CIOMAS,0.638527996149,KAB/KOTA,30
RT006-RW003,KP. SUKAMEKAR,SUKABARES,CIOMAS,1.43670434622,KAB/KOTA,31
RT007-RW004,KP. SANEPA,SUKABARES,CIOMAS,1.77279426888,KAB/KOTA,16
RT009-RW005,KP. SANEPA,SUKABARES,CIOMAS,1.84524962339,KAB/KOTA,21
RT010-RW005,KP. SANEPA,SUKABARES,CIOMAS,2.72122139814,KAB/KOTA,22
RT012-RW004,KP. CIMANUNGTUNG,SUKADANA,CIOMAS,2.07099614224,KAB/KOTA,32
RT015-RW004,KP. TANGGUL,SUKADANA,CIOMAS,1.3278021317,KAB/KOTA,31
RT001-RW001,KP.CIGELAM,CIGELAM,CIRUAS,2.62669827472,PROVINSI,35
RT002-RW001,KP.CIGELAM,CIGELAM,CIRUAS,1.9225375666,PROVINSI,32
RT006-RW004,KP.KESAMPANGAN,CIGELAM,CIRUAS,1.25105933073,PROVINSI,30
RT007-RW004,KP.KESAMPANGAN,CIGELAM,CIRUAS,4.08230978314,PROVINSI,35
RT008-RW005,KP.KAGULON,CIGELAM,CIRUAS,2.6419751851,PROVINSI,36
RT009-RW005,KP.KAGULON,CIGELAM,CIRUAS,2.34216578731,PROVINSI,34
RT001-RW001,KP. CEMBEH,CIRUAS,CIRUAS,1.4881342192,PROVINSI,37
RT002-RW001,KP. CEMBEH,CIRUAS,CIRUAS,3.36253549023,PROVINSI,44
RT003-RW001,KP. CEMBEH,CIRUAS,CIRUAS,5.50064411626,PROVINSI,33
RT005-RW002,KP.CIWANDAN,CIRUAS,CIRUAS,1.87542694459,PROVINSI,24
RT001-RW001,KP. PAMONG,PAMONG,CIRUAS,4.46707700166,PUSAT,19
RT002-RW001,KP. TANJUNGAN,PAMONG,CIRUAS,2.91311257868,PUSAT,31
RT003-RW002,KP. CURUG,PAMONG,CIRUAS,5.35229903136,PUSAT,31
RT004-RW002,KP. KESA,PAMONG,CIRUAS,3.00230328312,PUSAT,26
RT005-RW002,KP. PANJANGAN,PAMONG,CIRUAS,2.65588532612,PUSAT,18
RT002-RW001,KP. BALIMBING,CIHERANG,GUNUNGSARI,2.99905414687,KAB/KOTA,30
RT004-RW002,KP. SIRANGGINANG,CIHERANG,GUNUNGSARI,1.24002374252,KAB/KOTA,26
RT005-RW002,KP. SIPANJALIN,CIHERANG,GUNUNGSARI,2.33037302771,KAB/KOTA,31
RT012-RW004,KP. PAJAGUNGAN,CIHERANG,GUNUNGSARI,1.83208077132,KAB/KOTA,30
RT002-RW001,KP. KAKABU,CURUG SULANJANA,GUNUNGSARI,1.22430858063,KAB/KOTA,35
RT003-RW001,KP. KAKABU,CURUG SULANJANA,GUNUNGSARI,0.981926425923,KAB/KOTA,35
RT004-RW001,KP. KAKABU,CURUG SULANJANA,GUNUNGSARI,1.1380524024,KAB/KOTA,31
RT005-RW001,KP. KAKABU,CURUG SULANJANA,GUNUNGSARI,0.947747861627,KAB/KOTA,28
RT006-RW001,KP. KAKABU,CURUG SULANJANA,GUNUNGSARI,1.44707695413,KAB/KOTA,40
RT008-RW002,KP. BALEBER,CURUG SULANJANA,GUNUNGSARI,1.82271257777,KAB/KOTA,30
RT009-RW002,KP. BALEBER,CURUG SULANJANA,GUNUNGSARI,1.11092116525,KAB/KOTA,28
RT001-RW001,KP. GUNUNG SARI,GUNUNGSARI,GUNUNGSARI,3.22947358141,KAB/KOTA,35
RT002-RW001,KP. GUNUNG SARI,GUNUNGSARI,GUNUNGSARI,1.41023024071,KAB/KOTA,33
RT001-RW001,KP. BOJONG,KADU AGUNG,GUNUNGSARI,2.44014990006,KAB/KOTA,36
RT002-RW001,KP. BOJONG SELER,KADU AGUNG,GUNUNGSARI,2.23386461147,KAB/KOTA,31
RT001-RW003,KP. LUWUK,LUWUK,GUNUNGSARI,1.89323223128,KAB/KOTA,37
RT005-RW002,KP. PASIR BUAH,TAMIANG,GUNUNGSARI,2.75148521273,KAB/KOTA,32
RT006-RW002,KP. JAMBU,TAMIANG,GUNUNGSARI,3.35027565906,KAB/KOTA,27
RT005-RW002,KP. JUNTI,JUNTI,JAWILAN,2.04296125254,KAB/KOTA,27
RT006-RW003,KP. PASIR/JERUK MAUNG,JUNTI,JAWILAN,2.20802992054,KAB/KOTA,34
RT004-RW002,KP. TIPAR,PAGINTUNGAN,JAWILAN,1.24463636653,KAB/KOTA,31
RT005-RW002,KP. TIPAR,PAGINTUNGAN,JAWILAN,2.3966399366,KAB/KOTA,34
RT006-RW002,KP. TIPAR,PAGINTUNGAN,JAWILAN,1.64146792772,KAB/KOTA,31
RT019-RW002,KP. TIPAR,PAGINTUNGAN,JAWILAN,1.0207479796,KAB/KOTA,31
RT001-RW001,KP. PARAKAN,PARAKAN,JAWILAN,1.26850414415,KAB/KOTA,38
RT002-RW001,KP. PARAKAN,PARAKAN,JAWILAN,0.577952368077,KAB/KOTA,36
RT002-RW002,KP. PASIR LAME,PARAKAN,JAWILAN,1.93400853009,KAB/KOTA,35
RT003-RW001,KP. PARAKAN,PARAKAN,JAWILAN,1.7438615601,KAB/KOTA,35
RT004-RW001,KP. PABUARAN,PARAKAN,JAWILAN,1.63550843634,KAB/KOTA,31
RT005-RW002,KP. KEDUNG,PARAKAN,JAWILAN,0.572442395078,KAB/KOTA,25
RT001-RW001,KP. SADANG,BARENGKOK,KIBIN,2.07288729712,PROVINSI,30
RT002-RW001,KP. SADANG,BARENGKOK,KIBIN,1.86620230736,PROVINSI,25
RT003-RW001,KP. SADANG,BARENGKOK,KIBIN,2.27708233236,PROVINSI,25
RT006-RW001,KP. SADANG,BARENGKOK,KIBIN,1.60527757341,PROVINSI,32
RT007-RW001,KP. SADANG,BARENGKOK,KIBIN,1.35647271661,PROVINSI,26
RT008-RW001,KP. SADANG,BARENGKOK,KIBIN,2.31228254103,PROVINSI,29
RT006-RW001,KP. BARANGBETUNG,CIJERUK,KIBIN,1.51286831737,KAB/KOTA,20
RT003-RW001,KP. KEDALEMAN,KETOS,KIBIN,3.9836421855,PROVINSI,28
RT004-RW001,KP. PUCUY,KETOS,KIBIN,2.15825639472,PROVINSI,37
RT005-RW001,KP. PRIUK,KETOS,KIBIN,0.737140389344,PROVINSI,37
RT009-RW002,KP. PAYA,KETOS,KIBIN,2.14983389348,PROVINSI,31
RT010-RW002,KP. KAWAH,KETOS,KIBIN,4.75610937466,PROVINSI,26
RT012-RW004,KP. PADAHARAN,GARUT,KOPO,2.6290060496,KAB/KOTA,27
RT013-RW004,KP. PADAHARAN,GARUT,KOPO,2.40537777642,KAB/KOTA,26
RT014-RW005,KP. PADAHARAN,GARUT,KOPO,3.86418836802,KAB/KOTA,26
RT001-RW005,KP. CALINCING,KOPO,KOPO,1.58573320176,KAB/KOTA,33
RT002-RW005,KP. CALINCING,KOPO,KOPO,1.32185782194,KAB/KOTA,21
RT003-RW005,KP. CALINCING,KOPO,KOPO,1.55627377379,KAB/KOTA,31
RT004-RW002,KP. KABAYAN ATER,MEKARBARU,KOPO,2.18313553693,PROVINSI,23
RT005-RW002,KP. KABAYAN,MEKARBARU,KOPO,2.89109921893,PROVINSI,25
RT006-RW002,KP. KABAYAN,MEKARBARU,KOPO,2.00789200025,PROVINSI,33
RT007-RW002,KP. KABAYAN,MEKARBARU,KOPO,3.03454220991,PROVINSI,28
RT009-RW003,KP. CUKANGGALIH,NANGGUNG,KOPO,3.63339084728,KAB/KOTA,30
RT002-RW001,KP. RUKEM,RANCASUMUR,KOPO,1.7018377994,KAB/KOTA,34
RT003-RW001,KP. RUKEM,RANCASUMUR,KOPO,1.17238206707,KAB/KOTA,34
RT004-RW001,KP. RUKEM,RANCASUMUR,KOPO,1.1755861674,KAB/KOTA,38
RT005-RW001,KP. RUKEM,RANCASUMUR,KOPO,0.97973015248,KAB/KOTA,31
RT011-RW005,KP. DUKUH,DUKUH,KRAGILAN,1.07935882913,KAB/KOTA,27
RT012-RW005,KP. DUKUH,DUKUH,KRAGILAN,1.12376046889,KAB/KOTA,20
RT013-RW005,KP. DUKUH,DUKUH,KRAGILAN,1.31683274873,KAB/KOTA,26
RT014-RW005,KP. DUKUH,DUKUH,KRAGILAN,3.90767843353,KAB/KOTA,25
RT003-RW001,KP. KOSAMBI CAWANG,KENDAYAKAN,KRAGILAN,1.49894325749,KAB/KOTA,34
RT001-RW001,KP.PABUARAN JATI,KRAMATJATI,KRAGILAN,3.19660952331,PROVINSI,33
RT002-RW001,KP.PABUARAN JATI,KRAMATJATI,KRAGILAN,2.41767288496,PROVINSI,30
RT003-RW002,KP. KRAMAT,KRAMATJATI,KRAGILAN,1.34074880192,PROVINSI,25
RT004-RW002,KP. KRAMAT,KRAMATJATI,KRAGILAN,1.75364058563,PROVINSI,29
RT010-RW001,KP. KRAMAT,KRAMATJATI,KRAGILAN,3.47083458444,PROVINSI,23
RT001-RW001,KP. BATUBEULAH,SUKAJADI,KRAGILAN,2.11850198191,PROVINSI,25
RT002-RW001,KP. BATUBEULAH,SUKAJADI,KRAGILAN,5.09856897926,PROVINSI,34
RT003-RW001,KP. BATUBEULAH,SUKAJADI,KRAGILAN,3.5754083031,PROVINSI,36
RT004-RW001,KP. BATUBEULAH,SUKAJADI,KRAGILAN,1.23712894834,PROVINSI,33
RT001-RW001,KP. UNDAR-ANDIR,UNDAR ANDIR,KRAGILAN,1.47782681561,KAB/KOTA,33
RT002-RW001,KP. UNDAR-ANDIR,UNDAR ANDIR,KRAGILAN,1.49709688396,KAB/KOTA,26
RT003-RW001,KP. UNDAR-ANDIR,UNDAR ANDIR,KRAGILAN,2.21574717053,KAB/KOTA,32
RT004-RW002,KP. UNDAR-ANDIR,UNDAR ANDIR,KRAGILAN,1.45689381954,KAB/KOTA,26
RT005-RW002,KP. UNDAR-ANDIR,UNDAR ANDIR,KRAGILAN,1.53434045386,KAB/KOTA,24
RT006-RW002,KP. UNDAR-ANDIR,UNDAR ANDIR,KRAGILAN,0.786814395206,KAB/KOTA,24
RT005-RW001,KP. KRAMATWATU,KRAMATWATU,KRAMATWATU,3.49911682746,KAB/KOTA,18
RT001-RW001,KP. KESERANGAN,MARGASANA,KRAMATWATU,3.18657575609,KAB/KOTA,36
RT004-RW002,KP. DERMAYON,PAMENGKANG,KRAMATWATU,3.34004775021,PROVINSI,22
RT005-RW002,KP. DERMAYON,PAMENGKANG,KRAMATWATU,2.5367038205,PROVINSI,22
RT006-RW002,KP. DERMAYON,PAMENGKANG,KRAMATWATU,2.28289039827,PROVINSI,33
RT009-RW002,KP. DERMAYON,PAMENGKANG,KRAMATWATU,1.89917335141,PROVINSI,33
RT001-RW004,KP. TEGALTANJUNG,PEGADINGAN,KRAMATWATU,2.0485689213,KAB/KOTA,25
RT002-RW004,KP. TEGALTANJUNG,PEGADINGAN,KRAMATWATU,2.29758473929,KAB/KOTA,28
RT003-RW004,KP. TEGALTANJUNG,PEGADINGAN,KRAMATWATU,1.16430362639,KAB/KOTA,25
RT004-RW004,KP. TEGALTANJUNG,PEGADINGAN,KRAMATWATU,1.04759774114,KAB/KOTA,25
RT005-RW004,KP. TEGALTANJUNG,PEGADINGAN,KRAMATWATU,1.06522200387,KAB/KOTA,24
RT006-RW003,KP. GEMPOL,PELAMUNAN,KRAMATWATU,1.44620512605,KAB/KOTA,26
RT007-RW003,KP. GEMPOL,PELAMUNAN,KRAMATWATU,1.03288730668,KAB/KOTA,26
RT008-RW003,KP. GEMPOL,PELAMUNAN,KRAMATWATU,1.89048800626,KAB/KOTA,30
RT002-RW002,KP. CILIA,TELUK TERATE,KRAMATWATU,1.77078464571,KAB/KOTA,16
RT003-RW002,KP. CILIA,TELUK TERATE,KRAMATWATU,1.23612844963,KAB/KOTA,18
RT006-RW002,KP. TERATE,TERATE,KRAMATWATU,1.19771206859,KAB/KOTA,38
RT007-RW002,KP. TERATE,TERATE,KRAMATWATU,0.775889310684,KAB/KOTA,32
RT008-RW002,KP. TERATE,TERATE,KRAMATWATU,0.767593781977,KAB/KOTA,33
RT001-RW001,KP. TONJONG,TONJONG,KRAMATWATU,2.81573981662,PUSAT,25
RT002-RW001,KP. TONJONG,TONJONG,KRAMATWATU,1.47251624128,PUSAT,29
RT003-RW001,KP. TONJONG,TONJONG,KRAMATWATU,1.89861494772,PUSAT,30
RT004-RW002,KP. SINDANGJAYA,TONJONG,KRAMATWATU,3.5210682598,PUSAT,30
RT005-RW003,KP. KEPUH,TONJONG,KRAMATWATU,1.31459677597,PUSAT,31
RT006-RW003,KP. KEPUH,TONJONG,KRAMATWATU,2.39463565689,PUSAT,31
RT007-RW004,KP. LAMONGAN,TONJONG,KRAMATWATU,2.59602768616,PUSAT,29
RT008-RW004,KP. LAMONGAN,TONJONG,KRAMATWATU,1.30956957956,PUSAT,29
RT009-RW005,KP. KASUBAN,TONJONG,KRAMATWATU,1.4680180736,PUSAT,30
RT010-RW005,KP. KASUBAN,TONJONG,KRAMATWATU,1.97946071467,PUSAT,31
RT015-RW005,KP. PULO,BOLANG,LEBAK WANGI,0.508111564516,KAB/KOTA,33
RT016-RW005,KP. PULO,BOLANG,LEBAK WANGI,1.22119611445,KAB/KOTA,32
RT017-RW005,KP. PULO,BOLANG,LEBAK WANGI,0.769079796971,KAB/KOTA,34
RT001-RW001,KP. KEPAKSAN,KENCANA HARAPAN,LEBAK WANGI,1.90733176279,PROVINSI,28
RT003-RW001,KP. KEPAKSAN,KENCANA HARAPAN,LEBAK WANGI,1.27081755867,PROVINSI,26
RT005-RW002,KP. PUYUH KONENG,KENCANA HARAPAN,LEBAK WANGI,1.34959746482,PROVINSI,27
RT006-RW002,KP. PUYUH KONENG,KENCANA HARAPAN,LEBAK WANGI,1.21441534358,PROVINSI,27
RT007-RW002,KP. PUYUH KONENG,KENCANA HARAPAN,LEBAK WANGI,0.65070849595,PROVINSI,23
RT008-RW002,KP. PUYUH KONENG,KENCANA HARAPAN,LEBAK WANGI,1.77014812288,PROVINSI,32
RT010-RW002,KP. PUYUH KONENG,KENCANA HARAPAN,LEBAK WANGI,3.2262467108,PROVINSI,28
RT011-RW003,KP. CIDAHU,KENCANA HARAPAN,LEBAK WANGI,0.79720660637,PROVINSI,20
RT012-RW003,KP. CIDAHU,KENCANA HARAPAN,LEBAK WANGI,1.07054736536,PROVINSI,35
RT001-RW001,KP. KEPUH,LEBAK KEPUH,LEBAK WANGI,0.904423597463,KAB/KOTA,39
RT002-RW001,KP. KEPUH,LEBAK KEPUH,LEBAK WANGI,0.732626192137,KAB/KOTA,31
RT003-RW001,KP. KEPUH,LEBAK KEPUH,LEBAK WANGI,1.08221548957,KAB/KOTA,28
RT004-RW001,KP. KEPUH,LEBAK KEPUH,LEBAK WANGI,0.66794580921,KAB/KOTA,26
RT005-RW001,KP. KEPUH,LEBAK KEPUH,LEBAK WANGI,0.755192573893,KAB/KOTA,29
RT001-RW001,KP. SAMBI DALEM,LEBAK WANGI,LEBAK WANGI,2.81790988969,KAB/KOTA,34
RT002-RW001,KP. SAMBI DALEM,LEBAK WANGI,LEBAK WANGI,1.51166907244,KAB/KOTA,32
RT001-RW001,KP. PEGANDIKAN,PEGANDIKAN,LEBAK WANGI,0.916583650017,PROVINSI,29
RT002-RW001,KP. PEGANDIKAN,PEGANDIKAN,LEBAK WANGI,1.90445323424,PROVINSI,34
RT003-RW001,KP. PEGANDIKAN,PEGANDIKAN,LEBAK WANGI,1.10973296203,PROVINSI,37
RT004-RW001,KP. PEGANDIKAN,PEGANDIKAN,LEBAK WANGI,0.84860365055,PROVINSI,33
RT005-RW001,KP. PEGANDIKAN,PEGANDIKAN,LEBAK WANGI,0.720523856509,PROVINSI,38
RT006-RW002,KP. PEGANDIKAN,PEGANDIKAN,LEBAK WANGI,1.40444268702,PROVINSI,34
RT007-RW002,KP. PEGANDIKAN,PEGANDIKAN,LEBAK WANGI,1.10344809127,PROVINSI,40
RT008-RW002,KP. PEGANDIKAN,PEGANDIKAN,LEBAK WANGI,1.35808971453,PROVINSI,38
RT009-RW002,KP. PEGANDIKAN,PEGANDIKAN,LEBAK WANGI,0.633858185096,PROVINSI,33
RT001-RW001,KP. RAGAS,PURWADADI,LEBAK WANGI,1.00304112913,PROVINSI,35
RT002-RW001,KP. RAGAS,PURWADADI,LEBAK WANGI,1.69404049248,PROVINSI,38
RT003-RW001,KP. RAGAS,PURWADADI,LEBAK WANGI,0.972009277097,PROVINSI,37
RT004-RW001,KP. RAGAS,PURWADADI,LEBAK WANGI,0.710914492439,PROVINSI,34
RT005-RW001,KP. RAGAS,PURWADADI,LEBAK WANGI,0.787213661804,PROVINSI,35
RT006-RW002,KP. ASTANA,PURWADADI,LEBAK WANGI,0.972076956935,PROVINSI,48
RT007-RW002,KP. ASTANA,PURWADADI,LEBAK WANGI,0.951316680386,PROVINSI,44
RT008-RW002,KP. ASTANA,PURWADADI,LEBAK WANGI,0.514707381411,PROVINSI,48
RT009-RW002,KP. MEMENGGER,PURWADADI,LEBAK WANGI,0.678484933086,PROVINSI,27
RT018-RW005,KP. LEBAK BOJONG,PURWADADI,LEBAK WANGI,1.18459692705,PROVINSI,36
RT019-RW004,KP. LEBAK BOJONG,PURWADADI,LEBAK WANGI,0.811015259506,PROVINSI,38
RT020-RW004,KP. LEBAK BOJONG,PURWADADI,LEBAK WANGI,1.47941927383,PROVINSI,40
RT008-RW004,KP. KARANG KOBONG,TIREM,LEBAK WANGI,2.09598462099,KAB/KOTA,21
RT009-RW004,KP. KARANG KOBONG,TIREM,LEBAK WANGI,3.26235654821,KAB/KOTA,19
RT004-RW002,KP. MANCAK,LABUAN,MANCAK,1.2434518362,KAB/KOTA,31
RT009-RW003,KP. MANCAK,LABUAN,MANCAK,2.06714585913,KAB/KOTA,30
RT028-RW008,KP. ASEM,PABUARAN,PABUARAN,1.72661724046,KAB/KOTA,35
RT029-RW008,KP. ASEM,PABUARAN,PABUARAN,1.22255072374,KAB/KOTA,30
RT011-RW004,KP. PASIR KEMBANG,SINDANGHEULA,PABUARAN,4.25766642619,KAB/KOTA,31
RT012-RW004,KP. PASIR KEMBANG,SINDANGHEULA,PABUARAN,2.16564467978,KAB/KOTA,33
RT003-RW001,KP. BARUAN MASJID,SINDANGSARI,PABUARAN,3.07399299309,KAB/KOTA,33
RT001-RW001,KP. BUGEL MASJID,BUGEL,PADARINCANG,2.45836949919,KAB/KOTA,41
RT001-RW004,KP. SAWAH,BUGEL,PADARINCANG,2.78094411522,KAB/KOTA,41
RT014-RW003,KP. SUKAJAYA,CITASUK,PADARINCANG,0.800553499219,KAB/KOTA,32
RT009-RW002,KP. BABAKAN,BINONG,PAMARAYAN,1.36844437239,KAB/KOTA,22
RT018-RW004,KP. BOJONG SENTUL,DAMPING,PAMARAYAN,0.877337443093,KAB/KOTA,20
RT001-RW001,KP. PASIR SALAM,KEBONCAU,PAMARAYAN,1.36683023688,KAB/KOTA,34
RT002-RW001,KP. PASIR SALAM,KEBONCAU,PAMARAYAN,3.72841811964,KAB/KOTA,30
RT006-RW003,KP. LEUWISAID,PUDAR,PAMARAYAN,1.63338748058,KAB/KOTA,30
RT004-RW002,KP. RAJENG TENGAH,SANGIANG,PAMARAYAN,2.31628430249,KAB/KOTA,28
RT005-RW002,KP. RAJENG POJOK,SANGIANG,PAMARAYAN,1.76587781768,KAB/KOTA,31
RT001-RW001,KP. WIRANA PASIR,WIRANA,PAMARAYAN,3.52558606452,KAB/KOTA,27
RT007-RW002,KP. BOJONG NANGKA ASEM,BOJONG NANGKA,PETIR,1.22373820317,KAB/KOTA,31
RT014-RW004,KP. KADUGENEP REUMA,KADUGENEP,PETIR,2.18883326476,KAB/KOTA,33
RT006-RW002,KP. REGO SECANG,PADASUKA,PETIR,1.55463133603,KAB/KOTA,28
RT007-RW002,KP. REGO SECANG,PADASUKA,PETIR,0.577507072501,KAB/KOTA,23
RT008-RW002,KP. REGO SECANG,PADASUKA,PETIR,1.08018538319,KAB/KOTA,24
RT009-RW002,KP. REGO SECANG,PADASUKA,PETIR,2.02619747859,KAB/KOTA,29
RT010-RW003,KP. GERENDONG,PETIR,PETIR,1.69338134426,KAB/KOTA,26
RT011-RW003,KP. GERENDONG,PETIR,PETIR,2.02501490458,KAB/KOTA,21
RT012-RW003,KP. GERENDONG,PETIR,PETIR,1.74728704094,KAB/KOTA,32
RT010-RW002,KP. SEUAT,SEUAT,PETIR,1.56248316111,KAB/KOTA,30
RT011-RW002,KP. SEUAT,SEUAT,PETIR,1.12945420284,KAB/KOTA,34
RT012-RW002,KP. SEUAT,SEUAT,PETIR,1.23559476523,KAB/KOTA,33
RT008-RW002,KP. SEUAT MANGPANG,SEUAT JAYA,PETIR,0.537944058921,KAB/KOTA,31
RT017-RW002,KP. SEUAT MANGPANG,SEUAT JAYA,PETIR,1.75350286785,KAB/KOTA,38
RT008-RW002,KP. WADAS BOJONG,SINDANGSARI,PETIR,2.61957357822,KAB/KOTA,22
RT001-RW001,KP. CEROCOH,DOMAS,PONTANG,1.86027090602,PUSAT,41
RT002-RW001,KP. CEROCOH,DOMAS,PONTANG,2.67616630209,PUSAT,33
RT003-RW001,KP. CEROCOH,DOMAS,PONTANG,2.94505249041,PUSAT,32
RT004-RW001,KP. DOMAS,DOMAS,PONTANG,2.35514869593,PUSAT,26
RT005-RW002,KP. DOMAS,DOMAS,PONTANG,0.817594994488,PUSAT,31
RT006-RW002,KP. DOMAS,DOMAS,PONTANG,2.31010072069,PUSAT,27
RT007-RW002,KP. DOMAS,DOMAS,PONTANG,0.818521901126,PUSAT,32
RT008-RW002,KP. DOMAS,DOMAS,PONTANG,2.26993300274,PUSAT,28
RT009-RW003,KP. DOMAS,DOMAS,PONTANG,1.89580013163,PUSAT,28
RT010-RW003,KP. DOMAS,DOMAS,PONTANG,1.28390884584,PUSAT,29
RT011-RW003,KP. DOMAS,DOMAS,PONTANG,1.37179007779,PUSAT,25
RT012-RW003,KP. DOMAS,DOMAS,PONTANG,1.0643405058,PUSAT,29
RT013-RW002,KP. DOMAS,DOMAS,PONTANG,1.32637259617,PUSAT,30
RT001-RW001,KP. KASERANGAN,KASERANGAN,PONTANG,2.55837627627,KAB/KOTA,34
RT002-RW001,KP. KASERANGAN,KASERANGAN,PONTANG,1.24079092634,KAB/KOTA,36
RT003-RW001,KP. KASERANGAN,KASERANGAN,PONTANG,1.71885963483,KAB/KOTA,34
RT004-RW001,KP. KASERANGAN,KASERANGAN,PONTANG,3.07452085915,KAB/KOTA,35
RT007-RW004,KP. NAMBO,KALAPIAN,PONTANG,2.80964919453,KAB/KOTA,35
RT008-RW004,KP. NAMBO,KALAPIAN,PONTANG,2.26296839222,KAB/KOTA,29
RT016-RW005,KP. KUBANG BAHAD,KUBANG PUJI,PONTANG,1.78895910617,KAB/KOTA,24
RT017-RW005,KP. KUBANG BAHAD,KUBANG PUJI,PONTANG,0.865734828527,KAB/KOTA,33
RT018-RW005,KP. KUBANG BAHAD,KUBANG PUJI,PONTANG,1.8411854987,KAB/KOTA,28
RT019-RW005,KP. KUBANG BAHAD,KUBANG PUJI,PONTANG,1.09081040846,KAB/KOTA,30
RT020-RW005,KP. KUBANG BAHAD,KUBANG PUJI,PONTANG,2.53174130421,KAB/KOTA,25
RT011-RW003,KP. BAYONGBONG,LINDUK,PONTANG,0.993155010676,PROVINSI,32
RT012-RW003,KP. BAYONGBONG,LINDUK,PONTANG,0.71753390996,PROVINSI,28
RT013-RW003,KP. BAYONGBONG,LINDUK,PONTANG,1.0370986466,PROVINSI,31
RT014-RW003,KP. BAYONGBONG,LINDUK,PONTANG,1.55061967882,PROVINSI,28
RT015-RW003,KP. BAYONGBONG,LINDUK,PONTANG,1.13428245887,PROVINSI,28
RT016-RW003,KP. BAYONGBONG,LINDUK,PONTANG,0.769838599033,PROVINSI,28
RT017-RW003,KP. BAYONGBONG,LINDUK,PONTANG,1.70984827784,PROVINSI,27
RT018-RW003,KP. BAYONGBONG,LINDUK,PONTANG,1.55537401553,PROVINSI,28
RT019-RW003,KP. BAYONGBONG,LINDUK,PONTANG,2.51055260523,PROVINSI,28
RT001-RW001,KP. KESABILAN,PONTANG,PONTANG,0.87560085316,KAB/KOTA,35
RT002-RW001,KP. KESABILAN,PONTANG,PONTANG,0.502258863786,KAB/KOTA,33
RT003-RW001,KP. KESABILAN,PONTANG,PONTANG,1.22609154431,KAB/KOTA,21
RT004-RW002,KP. KESABILAN,PONTANG,PONTANG,1.31338454389,KAB/KOTA,35
RT005-RW002,KP. KESABILAN,PONTANG,PONTANG,1.12303398395,KAB/KOTA,24
RT006-RW002,KP. KESABILAN,PONTANG,PONTANG,2.52428479144,KAB/KOTA,25
RT005-RW002,KP. TEMBAKANG,PULOKENCANA,PONTANG,1.0810887169,PROVINSI,26
RT006-RW002,KP. TEMBAKANG,PULOKENCANA,PONTANG,1.42661802697,PROVINSI,23
RT007-RW002,KP. TEMBAKANG,PULOKENCANA,PONTANG,1.35344604104,PROVINSI,28
RT008-RW004,KP. TEMBAKANG,PULOKENCANA,PONTANG,2.6450515145,PROVINSI,28
RT012-RW002,KP. TEMBAKANG,PULOKENCANA,PONTANG,1.4319930996,PROVINSI,28
RT013-RW004,KP. TEMBAKANG,PULOKENCANA,PONTANG,3.38411366082,PROVINSI,35
RT005-RW002,KP. BEGOG,SINGARAJAN,PONTANG,1.72234309788,PUSAT,36
RT006-RW002,KP. BEGOG,SINGARAJAN,PONTANG,2.71267557402,PUSAT,36
RT007-RW002,KP. BEGOG,SINGARAJAN,PONTANG,3.91794623817,PUSAT,35
RT008-RW002,KP. BEGOG,SINGARAJAN,PONTANG,1.52629812632,PUSAT,38
RT009-RW002,KP. BEGOG,SINGARAJAN,PONTANG,2.66252754856,PUSAT,36
RT010-RW002,KP. BEGOG,SINGARAJAN,PONTANG,5.12231115952,PUSAT,38
RT001-RW001,KP. KEMAYUNGAN,SUKAJAYA,PONTANG,2.45627479629,KAB/KOTA,29
RT002-RW001,KP. KEMAYUNGAN,SUKAJAYA,PONTANG,2.08951129601,KAB/KOTA,32
RT003-RW001,KP. KEMAYUNGAN,SUKAJAYA,PONTANG,4.51897141837,KAB/KOTA,36
RT003-RW002,KP. PANGABEAN,SUKANEGARA,PONTANG,1.67652320096,KAB/KOTA,41
RT004-RW002,KP. PANGABEAN,SUKANEGARA,PONTANG,2.5316656166,KAB/KOTA,39
RT001-RW001,KP. WANAYASA,WANAYASA,PONTANG,1.81085311934,PUSAT,34
RT002-RW001,KP. WANAYASA,WANAYASA,PONTANG,3.36078145191,PUSAT,31
RT003-RW001,KP. WANAYASA,WANAYASA,PONTANG,2.11261508552,PUSAT,34
RT004-RW002,KP. SAMPANG KULON,WANAYASA,PONTANG,2.41432667225,PUSAT,33
RT005-RW002,KP. SAMPANG KULON,WANAYASA,PONTANG,0.978516844793,PUSAT,33
RT006-RW002,KP. SAMPANG KULON,WANAYASA,PONTANG,1.18033784603,PUSAT,34
RT007-RW002,KP. SAMPANG KULON,WANAYASA,PONTANG,0.886835225047,PUSAT,36
RT008-RW001,KP. WANAYASA,WANAYASA,PONTANG,2.54390623362,PUSAT,28
RT010-RW006,KP. CIMAUNG,BANYUWANGI,PULO AMPEL,1.29365014807,KAB/KOTA,22
RT009-RW003,KP. KALIKERANJANG,KEDUNGSOKA,PULO AMPEL,2.25470444348,PROVINSI,28
RT010-RW003,KP. KALIKERANJANG,KEDUNGSOKA,PULO AMPEL,1.87183115685,PROVINSI,28
RT011-RW003,KP. KALIKERANJANG,KEDUNGSOKA,PULO AMPEL,1.64342788869,PROVINSI,30
RT012-RW003,KP. KALIKERANJANG,KEDUNGSOKA,PULO AMPEL,0.707390936237,PROVINSI,26
RT013-RW004,KP. KALIKERANJANG,KEDUNGSOKA,PULO AMPEL,0.677250483382,PROVINSI,35
RT014-RW004,KP. KALIKERANJANG,KEDUNGSOKA,PULO AMPEL,0.686135399205,PROVINSI,27
RT015-RW004,KP. KALIKERANJANG,KEDUNGSOKA,PULO AMPEL,0.827440689616,PROVINSI,30
RT016-RW004,KP. KALIKERANJANG,KEDUNGSOKA,PULO AMPEL,1.46901069396,PROVINSI,30
RT003-RW004,KP. PASIR PUTIH,PULO PANJANG,PULO AMPEL,1.43936029625,KAB/KOTA,26
RT012-RW004,KP. CIKELI,CERUKCUK,TANARA,1.70946174742,KAB/KOTA,19
RT013-RW004,KP. CIKELI,CERUKCUK,TANARA,1.23756410624,KAB/KOTA,38
RT015-RW004,KP. CIKELI,CERUKCUK,TANARA,2.76234130131,KAB/KOTA,17
RT016-RW004,KP. CIKELI,CERUKCUK,TANARA,2.66854780615,KAB/KOTA,33
RT008-RW002,KP. SUSUKAN,CIBODAS,TANARA,2.24523708004,KAB/KOTA,30
RT009-RW002,KP. SUSUKAN,CIBODAS,TANARA,1.34267579498,KAB/KOTA,20
RT004-RW002,KP. LEMPUYANG,LEMPUYANG,TANARA,3.52793823129,PUSAT,26
RT005-RW002,KP. LEMPUYANG,LEMPUYANG,TANARA,2.97071605824,PUSAT,19
RT006-RW002,KP. LEMPUYANG,LEMPUYANG,TANARA,2.67597530963,PUSAT,25
RT007-RW003,KP. LEMPUYANG,LEMPUYANG,TANARA,1.84153567316,PUSAT,25
RT008-RW003,KP. LEMPUYANG,LEMPUYANG,TANARA,1.57201733075,PUSAT,30
RT009-RW003,KP. LEMPUYANG,LEMPUYANG,TANARA,1.52521211211,PUSAT,31
RT010-RW002,KP. LEMPUYANG,LEMPUYANG,TANARA,1.41053118959,PUSAT,31
RT011-RW002,KP. LEMPUYANG,LEMPUYANG,TANARA,1.41184349237,PUSAT,30
RT012-RW002,KP. LEMPUYANG,LEMPUYANG,TANARA,4.26286459804,PUSAT,29
RT007-RW002,KP. KAJEROAN,PEDALEMAN,TANARA,1.30949246584,KAB/KOTA,26
RT008-RW003,KP. BOM,PEDALEMAN,TANARA,1.97408291656,KAB/KOTA,25
RT009-RW003,KP. BOM,PEDALEMAN,TANARA,2.04039233327,KAB/KOTA,25
RT010-RW003,KP. BOM,PEDALEMAN,TANARA,2.01741428223,KAB/KOTA,28
RT002-RW001,KP. SONTROL,SIREMEN,TANARA,2.99400373256,PROVINSI,37
RT003-RW001,KP. SONTROL,SIREMEN,TANARA,2.33502344672,PROVINSI,30
RT005-RW002,KP. BAYAK,SIREMEN,TANARA,1.52564357961,PROVINSI,33
RT006-RW002,KP. BAYAK,SIREMEN,TANARA,2.6635991384,PROVINSI,44
RT008-RW002,KP. BAYAK,SIREMEN,TANARA,2.14845765578,PROVINSI,26
RT009-RW001,KP. SONTROL,SIREMEN,TANARA,1.10273730388,PROVINSI,30
RT010-RW001,KP. SONTROL,SIREMEN,TANARA,1.15911975505,PROVINSI,25
RT003-RW002,KP. BOJONG,SUKAMANAH,TANARA,0.802523638751,KAB/KOTA,30
RT004-RW002,KP. BOJONG,SUKAMANAH,TANARA,1.04849506481,KAB/KOTA,35
RT005-RW002,KP. BOJONG,SUKAMANAH,TANARA,1.40472926277,KAB/KOTA,29
RT006-RW002,KP. BOJONG,SUKAMANAH,TANARA,1.901487177,KAB/KOTA,31
RT007-RW003,KP. BOJONG,SUKAMANAH,TANARA,1.90331060009,KAB/KOTA,37
RT008-RW003,KP. BOJONG,SUKAMANAH,TANARA,1.36023315046,KAB/KOTA,30
RT005-RW002,KP. SIPANJANG KEBON,TENJOAYU,TANARA,2.46709840879,KAB/KOTA,19
RT006-RW002,KP. KEBON,ALANG-ALANG,TIRTAYASA,1.98262241817,KAB/KOTA,25
RT001-RW001,KP. SIDAYU ,KEBON,TIRTAYASA,2.42424828839,PUSAT,21
RT002-RW001,KP. SIDAYU ,KEBON,TIRTAYASA,3.06409163785,PUSAT,21
RT003-RW001,KP. SIDAYU ,KEBON,TIRTAYASA,1.52375002382,PUSAT,18
RT004-RW001,KP. SIDAYU ,KEBON,TIRTAYASA,1.9686931971,PUSAT,19
RT005-RW002,KP. SIDAYU ,KEBON,TIRTAYASA,1.80761937549,PUSAT,22
RT006-RW002,KP. SIDAYU ,KEBON,TIRTAYASA,3.72622195284,PUSAT,19
RT007-RW002,KP. SIDAYU ,KEBON,TIRTAYASA,1.43310429767,PUSAT,27
RT006-RW003,KP. KEBUYUTAN,KEBUYUTAN,TIRTAYASA,2.5042920262,KAB/KOTA,33
RT007-RW003,KP. KEBUYUTAN,KEBUYUTAN,TIRTAYASA,4.76263768837,KAB/KOTA,32
RT006-RW002,KP. CIWULUNG,KEMANISAN,TIRTAYASA,2.38668976189,KAB/KOTA,32
RT001-RW001,KP. LABAN,LABAN,TIRTAYASA,1.6950959765,KAB/KOTA,30
RT002-RW001,KP. LABAN,LABAN,TIRTAYASA,0.643255075145,KAB/KOTA,30
RT003-RW001,KP. LABAN,LABAN,TIRTAYASA,1.17017534652,KAB/KOTA,29
RT004-RW002,KP. LABAN,LABAN,TIRTAYASA,1.08595411517,KAB/KOTA,31
RT005-RW002,KP. LABAN,LABAN,TIRTAYASA,0.324946618588,KAB/KOTA,35
RT006-RW002,KP. LABAN,LABAN,TIRTAYASA,1.7140815298,KAB/KOTA,30
RT007-RW002,KP. LABAN,LABAN,TIRTAYASA,0.673452105238,KAB/KOTA,30
RT008-RW003,KP. LABAN,LABAN,TIRTAYASA,0.327879778886,KAB/KOTA,31
RT009-RW003,KP. LABAN,LABAN,TIRTAYASA,1.20769903514,KAB/KOTA,30
RT019-RW005,KP. BERANGBANG,LONTAR,TIRTAYASA,1.54837446112,KAB/KOTA,39
RT020-RW005,KP. BERANGBANG,LONTAR,TIRTAYASA,1.57886608539,KAB/KOTA,45
RT021-RW005,KP. BERANGBANG,LONTAR,TIRTAYASA,1.09584774761,KAB/KOTA,40
RT022-RW005,KP. BERANGBANG,LONTAR,TIRTAYASA,2.49034776872,KAB/KOTA,40
RT001-RW001,KP. PONTANG LEGON,PONTANG LEGON,TIRTAYASA,1.24612610691,PROVINSI,29
RT002-RW001,KP. PONTANG LEGON,PONTANG LEGON,TIRTAYASA,1.49316020557,PROVINSI,29
RT003-RW001,KP. PONTANG LEGON,PONTANG LEGON,TIRTAYASA,1.4103782679,PROVINSI,28
RT004-RW002,KP. PONTANG LEGON,PONTANG LEGON,TIRTAYASA,2.35099187415,PROVINSI,29
RT005-RW002,KP. PONTANG LEGON,PONTANG LEGON,TIRTAYASA,1.71490062478,PROVINSI,29
RT006-RW002,KP. PONTANG LEGON,PONTANG LEGON,TIRTAYASA,1.72392438159,PROVINSI,28
RT007-RW003,KP. PONTANG LEGON,PONTANG LEGON,TIRTAYASA,1.20935698243,PROVINSI,27
RT008-RW003,KP. PONTANG LEGON,PONTANG LEGON,TIRTAYASA,0.941179113452,PROVINSI,29
RT009-RW003,KP. PONTANG LEGON,PONTANG LEGON,TIRTAYASA,2.28574791254,PROVINSI,27
RT003-RW002,KP. BOJONG,PUSER,TIRTAYASA,2.20194112745,KAB/KOTA,34
RT004-RW002,KP. BOJONG,PUSER,TIRTAYASA,2.58925896046,KAB/KOTA,36
RT004-RW002,KP. KEMANTENAN,SAMPARWADI,TIRTAYASA,1.66087409202,KAB/KOTA,31
RT005-RW002,KP. KEMANTENAN,SAMPARWADI,TIRTAYASA,0.516060756395,KAB/KOTA,33
RT006-RW002,KP. KEMANTENAN,SAMPARWADI,TIRTAYASA,0.580152581664,KAB/KOTA,28
RT001-RW001,KP. CILANDUNG,SUJUNG,TIRTAYASA,1.46274412496,PUSAT,28
RT002-RW001,KP. KESARAN,SUJUNG,TIRTAYASA,2.031210593,PUSAT,29
RT003-RW001,KP. KESARAN,SUJUNG,TIRTAYASA,1.70768740573,PUSAT,30
RT004-RW002,KP. SIPON,SUJUNG,TIRTAYASA,2.10297869901,PUSAT,28
RT005-RW002,KP. MASJID,SUJUNG,TIRTAYASA,2.0233973571,PUSAT,32
RT007-RW003,KP. SAWAH,SUJUNG,TIRTAYASA,1.47436369741,PUSAT,29
RT008-RW003,KP. BOR,SUJUNG,TIRTAYASA,2.45766194043,PUSAT,30
RT009-RW003,KP. ILIR,SUJUNG,TIRTAYASA,1.56030671688,PUSAT,30
RT06A-RW002,KP. LEGON,SUJUNG,TIRTAYASA,1.05810164553,PUSAT,29
RT06B-RW002,KP. LEGON,SUJUNG,TIRTAYASA,1.53203836031,PUSAT,32
RT012-RW004,KP. SAMPANG,SUSUKAN,TIRTAYASA,2.39311927205,KAB/KOTA,28
RT001-RW001,KP. TENGKURAK,TENGKURAK,TIRTAYASA,1.92657305172,PUSAT,35
RT002-RW001,KP. TENGKURAK,TENGKURAK,TIRTAYASA,2.16612623479,PUSAT,31
RT003-RW001,KP. TENGKURAK,TENGKURAK,TIRTAYASA,0.936843952647,PUSAT,30
RT004-RW002,KP. TENGKURAK,TENGKURAK,TIRTAYASA,1.24824947756,PUSAT,35
RT005-RW002,KP. TENGKURAK,TENGKURAK,TIRTAYASA,1.40751039855,PUSAT,36
RT006-RW002,KP. TENGKURAK,TENGKURAK,TIRTAYASA,1.57513417132,PUSAT,35
RT007-RW003,KP. TENGKURAK,TENGKURAK,TIRTAYASA,1.81207274983,PUSAT,35
RT008-RW003,KP. TENGKURAK,TENGKURAK,TIRTAYASA,2.32936451609,PUSAT,36
RT009-RW003,KP. TENGKURAK,TENGKURAK,TIRTAYASA,1.87794748491,PUSAT,48
RT001-RW001,KP. TIRTAYASA LOR,TIRTAYASA,TIRTAYASA,4.33472729121,KAB/KOTA,29
RT002-RW001,KP. TIRTAYASA LOR,TIRTAYASA,TIRTAYASA,1.94563733261,KAB/KOTA,23
RT003-RW001,KP. TIRTAYASA LOR,TIRTAYASA,TIRTAYASA,1.62487569222,KAB/KOTA,29
RT001-RW001,KP. TIMUR,WARGASARA,TIRTAYASA,1.43731134857,KAB/KOTA,29
RT002-RW001,KP. TIMUR,WARGASARA,TIRTAYASA,1.67306323696,KAB/KOTA,20
RT003-RW001,KP. TIMUR,WARGASARA,TIRTAYASA,0.997537709471,KAB/KOTA,22
RT004-RW001,KP. TIMUR,WARGASARA,TIRTAYASA,1.93909281668,KAB/KOTA,20
RT005-RW001,KP. AJAG,BOJONG CATANG,TUNJUNG TEJA,2.33251342632,KAB/KOTA,26
RT011-RW003,KP. CATANG MASJID,BOJONG CATANG,TUNJUNG TEJA,2.12984082266,KAB/KOTA,28
RT014-RW003,KP. CATANG BATAS,BOJONG CATANG,TUNJUNG TEJA,2.36724215478,KAB/KOTA,25
RT015-RW005,KP. BATU LUHUR,BOJONG MENTENG,TUNJUNG TEJA,3.14229908344,KAB/KOTA,36
RT016-RW005,KP. BATU LUHUR,BOJONG MENTENG,TUNJUNG TEJA,1.57581905151,KAB/KOTA,36
RT015-RW003,KP. JAMBU LAMA (JAMBU BUNUT),BOJONG PANDAN,TUNJUNG TEJA,2.42035093244,KAB/KOTA,27
RT016-RW004,KP. JAMBU,BOJONG PANDAN,TUNJUNG TEJA,1.50028204283,KAB/KOTA,25
RT017-RW004,KP. JAMBU,BOJONG PANDAN,TUNJUNG TEJA,1.38666126143,KAB/KOTA,23
RT003-RW001,KP. SABI,KEMUNING,TUNJUNG TEJA,0.430934323899,KAB/KOTA,21
RT004-RW001,KP. SABI,KEMUNING,TUNJUNG TEJA,1.02984707764,KAB/KOTA,21
RT005-RW001,KP. SABI,KEMUNING,TUNJUNG TEJA,0.77439818912,KAB/KOTA,21
RT021-RW005,KP. GANDU,MALANGGAH,TUNJUNG TEJA,2.05787452568,KAB/KOTA,31
RT007-RW002,KP. BABAKAN,PANCAREGANG,TUNJUNG TEJA,2.02589503394,KAB/KOTA,22
RT009-RW003,KP. SIWALAN (PARUMASAN),PANCAREGANG,TUNJUNG TEJA,1.55579120059,KAB/KOTA,27
RT010-RW003,KP. SIWALAN (PARUMASAN),PANCAREGANG,TUNJUNG TEJA,1.27711210508,KAB/KOTA,26
RT011-RW003,KP. SIWALAN (PARUMASAN),PANCAREGANG,TUNJUNG TEJA,1.59369166913,KAB/KOTA,24
RT001-RW001,KP. KALONG,PANUNGGULAN,TUNJUNG TEJA,2.28715312678,KAB/KOTA,29
RT009-RW002,KP. BARU,SUKASARI,TUNJUNG TEJA,2.38702952262,KAB/KOTA,37
RT007-RW002,KP. KETUG,TUNJUNG TEJA,TUNJUNG TEJA,1.67950658746,KAB/KOTA,26
RT008-RW002,KP. KETUG,TUNJUNG TEJA,TUNJUNG TEJA,2.38623943809,KAB/KOTA,25
RT005-RW002,KP. GURAIT,MELATI,WARINGINKURUNG,2.36069162696,KAB/KOTA,30
RT001-RW001,KP. SETU,SAMBILAWANG,WARINGINKURUNG,3.5859122975,PROVINSI,24
RT002-RW001,KP. SETU TENGAH,SAMBILAWANG,WARINGINKURUNG,4.05130169168,PROVINSI,22
RT004-RW002,KP. KELAPA KURUNG,SAMBILAWANG,WARINGINKURUNG,2.7498569685,PROVINSI,25
RT010-RW003,KP. PAKEMBARAN,SAMPIR,WARINGINKURUNG,0.948029176798,KAB/KOTA,35
RT001-RW001,KP. SIJATI,SASAHAN,WARINGINKURUNG,2.42236650607,PROVINSI,36
RT003-RW001,KP. SIWALIK,SASAHAN,WARINGINKURUNG,2.19838016627,PROVINSI,36
RT004-RW002,KP. CIGEDUNG,SASAHAN,WARINGINKURUNG,2.12728117289,PROVINSI,36
RT006-RW002,KP. BARU,SASAHAN,WARINGINKURUNG,2.32727466579,PROVINSI,33
RT008-RW003,KP. SIBALURUK,SASAHAN,WARINGINKURUNG,0.714635154713,PROVINSI,32
RT011-RW004,KP. SIBALE,SASAHAN,WARINGINKURUNG,2.96552734949,PROVINSI,31
RT006-RW002,KP. KASUBUHAN,SUKABARES,WARINGINKURUNG,2.11910192176,KAB/KOTA,32
RT010-RW005,KP. KALIORI,SUKADALEM,WARINGINKURUNG,3.78326746428,KAB/KOTA,26
RT002-RW001,KP. SIDILEM,TALAGALUHUR,WARINGINKURUNG,2.3476882729,PUSAT,34
RT003-RW001,KP. SIDILEM,TALAGALUHUR,WARINGINKURUNG,0.771320460148,PUSAT,35
RT004-RW001,KP. SIDILEM,TALAGALUHUR,WARINGINKURUNG,1.54663534781,PUSAT,34
RT005-RW002,KP. TIGAMAYA,TALAGALUHUR,WARINGINKURUNG,2.77321514427,PUSAT,34
RT006-RW002,KP. TIGAMAYA,TALAGALUHUR,WARINGINKURUNG,1.70466726293,PUSAT,37
RT007-RW002,KP. TIGAMAYA,TALAGALUHUR,WARINGINKURUNG,1.30183517089,PUSAT,38
RT008-RW003,KP. KEWARON,TALAGALUHUR,WARINGINKURUNG,1.97797636324,PUSAT,38
RT010-RW002,KP.T IGAMAYA,TALAGALUHUR,WARINGINKURUNG,2.82602409177,PUSAT,34
RT001-RW002,KP.PENGASINAN,WARINGINKURUNG,WARINGINKURUNG,3.63044672381,KAB/KOTA,41
RT002-RW002,KP.PENGASINAN,WARINGINKURUNG,WARINGINKURUNG,6.30339184784,KAB/KOTA,37
